ts,ms,status
2025-11-22T00:33:11+08:00,32,401
2025-11-22T00:33:12+08:00,33,401
2025-11-22T00:33:12+08:00,30,401
2025-11-22T00:33:12+08:00,31,401
2025-11-22T00:33:12+08:00,32,401
2025-11-22T00:33:13+08:00,35,401
2025-11-22T00:33:13+08:00,31,401
2025-11-22T00:33:13+08:00,31,401
2025-11-22T00:33:14+08:00,38,401
2025-11-22T00:33:14+08:00,31,401
2025-11-22T00:33:14+08:00,35,401
2025-11-22T00:33:14+08:00,32,401
2025-11-22T00:33:15+08:00,42,401
2025-11-22T00:33:15+08:00,49,401
2025-11-22T00:33:15+08:00,32,401
2025-11-22T00:33:15+08:00,32,401
2025-11-22T00:33:16+08:00,33,401
2025-11-22T00:33:16+08:00,32,401
2025-11-22T00:33:16+08:00,33,401
2025-11-22T00:33:17+08:00,32,401
2025-11-22T00:33:17+08:00,32,401
2025-11-22T00:33:17+08:00,33,401
2025-11-22T00:33:17+08:00,33,401
2025-11-22T00:33:18+08:00,32,401
2025-11-22T00:33:18+08:00,32,401
2025-11-22T00:33:18+08:00,33,401
2025-11-22T00:33:18+08:00,32,401
2025-11-22T00:33:19+08:00,43,401
2025-11-22T00:33:19+08:00,33,401
2025-11-22T00:33:19+08:00,32,401
2025-11-22T00:33:19+08:00,32,401
2025-11-22T00:33:20+08:00,31,401
2025-11-22T00:33:20+08:00,31,401
2025-11-22T00:33:20+08:00,34,401
2025-11-22T00:33:21+08:00,32,401
2025-11-22T00:33:21+08:00,31,401
2025-11-22T00:33:21+08:00,33,401
2025-11-22T00:33:22+08:00,31,401
2025-11-22T00:33:22+08:00,33,401
2025-11-22T00:33:22+08:00,33,401
2025-11-22T00:33:22+08:00,37,401
2025-11-22T00:33:23+08:00,33,401
2025-11-22T00:33:23+08:00,34,401
2025-11-22T00:33:23+08:00,32,401
2025-11-22T00:33:23+08:00,32,401
2025-11-22T00:33:24+08:00,32,401
2025-11-22T00:33:24+08:00,30,401
2025-11-22T00:33:24+08:00,34,401
2025-11-22T00:33:25+08:00,34,401
2025-11-22T00:33:25+08:00,32,401
2025-11-22T00:33:25+08:00,32,401
2025-11-22T00:33:25+08:00,33,401
2025-11-22T00:33:26+08:00,45,401
2025-11-22T00:33:26+08:00,32,401
2025-11-22T00:33:26+08:00,32,401
2025-11-22T00:33:26+08:00,33,401
2025-11-22T00:33:27+08:00,33,401
2025-11-22T00:33:27+08:00,32,401
2025-11-22T00:33:27+08:00,32,401
2025-11-22T00:33:27+08:00,34,401
2025-11-22T00:33:28+08:00,33,401
2025-11-22T00:33:28+08:00,32,401
2025-11-22T00:33:28+08:00,33,401
2025-11-22T00:33:29+08:00,32,401
2025-11-22T00:33:29+08:00,33,401
2025-11-22T00:33:29+08:00,34,401
2025-11-22T00:33:29+08:00,32,401
2025-11-22T00:33:30+08:00,32,401
2025-11-22T00:33:30+08:00,33,401
2025-11-22T00:33:30+08:00,34,401
2025-11-22T00:33:30+08:00,33,401
2025-11-22T00:33:31+08:00,40,401
2025-11-22T00:33:31+08:00,35,401
2025-11-22T00:33:31+08:00,37,401
2025-11-22T00:33:32+08:00,33,401
2025-11-22T00:33:32+08:00,30,401
2025-11-22T00:33:32+08:00,32,401
2025-11-22T00:33:32+08:00,33,401
2025-11-22T00:33:33+08:00,31,401
2025-11-22T00:33:33+08:00,31,401
2025-11-22T00:33:33+08:00,32,401
2025-11-22T00:33:33+08:00,35,401
2025-11-22T00:33:34+08:00,35,401
2025-11-22T00:33:34+08:00,33,401
2025-11-22T00:33:34+08:00,33,401
2025-11-22T00:33:34+08:00,35,401
2025-11-22T00:33:35+08:00,31,401
2025-11-22T00:33:35+08:00,34,401
2025-11-22T00:33:35+08:00,31,401
2025-11-22T00:33:36+08:00,33,401
2025-11-22T00:33:36+08:00,45,401
2025-11-22T00:33:36+08:00,32,401
2025-11-22T00:33:36+08:00,33,401
2025-11-22T00:33:37+08:00,30,401
2025-11-22T00:33:37+08:00,35,401
2025-11-22T00:33:37+08:00,33,401
2025-11-22T00:33:37+08:00,34,401
2025-11-22T00:33:38+08:00,34,401
2025-11-22T00:33:38+08:00,34,401
2025-11-22T00:33:38+08:00,34,401
2025-11-22T00:33:39+08:00,42,401
2025-11-22T00:33:39+08:00,36,401
2025-11-22T00:33:39+08:00,33,401
2025-11-22T00:33:39+08:00,33,401
2025-11-22T00:33:40+08:00,30,401
2025-11-22T00:33:40+08:00,32,401
2025-11-22T00:33:40+08:00,32,401
2025-11-22T00:33:40+08:00,33,401
2025-11-22T00:33:41+08:00,31,401
2025-11-22T00:33:41+08:00,31,401
2025-11-22T00:33:41+08:00,34,401
2025-11-22T00:33:41+08:00,34,401
2025-11-22T00:33:42+08:00,42,401
2025-11-22T00:33:42+08:00,38,401
2025-11-22T00:33:42+08:00,34,401
2025-11-22T00:33:43+08:00,30,401
2025-11-22T00:33:43+08:00,31,401
2025-11-22T00:33:43+08:00,32,401
2025-11-22T00:33:43+08:00,32,401
2025-11-22T00:33:44+08:00,31,401
2025-11-22T00:33:44+08:00,32,401
2025-11-22T00:33:44+08:00,32,401
2025-11-22T00:33:44+08:00,33,401
2025-11-22T00:33:45+08:00,31,401
2025-11-22T00:33:45+08:00,32,401
2025-11-22T00:33:45+08:00,34,401
2025-11-22T00:33:45+08:00,32,401
2025-11-22T00:33:46+08:00,34,401
2025-11-22T00:33:46+08:00,36,401
2025-11-22T00:33:46+08:00,31,401
2025-11-22T00:33:47+08:00,33,401
2025-11-22T00:33:47+08:00,33,401
2025-11-22T00:33:47+08:00,33,401
2025-11-22T00:33:47+08:00,33,401
2025-11-22T00:33:48+08:00,34,401
2025-11-22T00:33:48+08:00,33,401
2025-11-22T00:33:48+08:00,33,401
2025-11-22T00:33:48+08:00,34,401
2025-11-22T00:33:49+08:00,37,401
2025-11-22T00:33:49+08:00,33,401
2025-11-22T00:33:49+08:00,32,401
2025-11-22T00:33:49+08:00,34,401
2025-11-22T00:33:50+08:00,35,401
2025-11-22T00:33:50+08:00,34,401
2025-11-22T00:33:50+08:00,35,401
2025-11-22T00:33:51+08:00,38,401
2025-11-22T00:33:51+08:00,43,401
2025-11-22T00:33:51+08:00,32,401
2025-11-22T00:33:51+08:00,33,401
2025-11-22T00:33:52+08:00,31,401
2025-11-22T00:33:52+08:00,31,401
2025-11-22T00:33:52+08:00,31,401
2025-11-22T00:33:52+08:00,41,401
2025-11-22T00:33:53+08:00,36,401
2025-11-22T00:33:53+08:00,65,401
2025-11-22T00:33:53+08:00,48,401
2025-11-22T00:33:54+08:00,36,401
2025-11-22T00:33:54+08:00,31,401
2025-11-22T00:33:54+08:00,32,401
2025-11-22T00:33:54+08:00,33,401
2025-11-22T00:33:55+08:00,36,401
2025-11-22T00:33:55+08:00,34,401
2025-11-22T00:33:55+08:00,36,401
2025-11-22T00:33:55+08:00,32,401
2025-11-22T00:33:56+08:00,34,401
2025-11-22T00:33:56+08:00,32,401
2025-11-22T00:33:56+08:00,32,401
2025-11-22T00:33:57+08:00,34,401
2025-11-22T00:33:57+08:00,32,401
2025-11-22T00:33:57+08:00,33,401
2025-11-22T00:33:57+08:00,33,401
2025-11-22T00:33:58+08:00,33,401
2025-11-22T00:33:58+08:00,37,401
2025-11-22T00:33:58+08:00,35,401
2025-11-22T00:33:58+08:00,31,401
2025-11-22T00:33:59+08:00,31,401
2025-11-22T00:33:59+08:00,30,401
2025-11-22T00:33:59+08:00,33,401
2025-11-22T00:33:59+08:00,33,401
2025-11-22T00:34:00+08:00,34,401
2025-11-22T00:34:00+08:00,34,401
2025-11-22T00:34:00+08:00,33,401
2025-11-22T00:34:01+08:00,33,401
2025-11-22T00:34:01+08:00,32,401
2025-11-22T00:34:01+08:00,33,401
2025-11-22T00:34:01+08:00,34,401
2025-11-22T00:34:02+08:00,34,401
2025-11-22T00:34:02+08:00,33,401
2025-11-22T00:34:02+08:00,35,401
2025-11-22T00:34:02+08:00,34,401
2025-11-22T00:34:03+08:00,34,401
2025-11-22T00:34:03+08:00,33,401
2025-11-22T00:34:03+08:00,36,401
2025-11-22T00:34:04+08:00,33,401
2025-11-22T00:34:04+08:00,31,401
2025-11-22T00:34:04+08:00,34,401
2025-11-22T00:34:04+08:00,32,401
2025-11-22T00:34:05+08:00,31,401
2025-11-22T00:34:05+08:00,32,401
2025-11-22T00:34:05+08:00,35,401
