2025-11-11T07:35:03Z,1,19253708447,8,0,0,0,0,1.0000,0,COLD_START,"cold_start"
2025-11-11T07:39:43Z,2,,8,0,0,0,0,1.0000,0,OK,""
2025-11-11T08:05:08Z,2,19253708447,8,0,0,0,0,1.0000,0,OK,""
2025-11-11T08:09:48Z,3,,8,0,0,0,0,1.0000,0,OK,""
2025-11-11T08:35:13Z,3,19253708447,8,0,0,0,0,1.0000,0,OK,""
2025-11-11T08:39:52Z,4,,8,0,0,0,0,1.0000,0,OK,""
2025-11-11T09:05:17Z,4,19253708447,8,0,0,0,0,1.0000,0,OK,""
2025-11-11T09:09:56Z,5,,8,0,0,0,0,1.0000,0,OK,""
2025-11-11T09:35:22Z,5,19253708447,8,0,0,0,0,1.0000,0,OK,""
2025-11-11T09:40:03Z,6,,8,0,0,0,0,1.0000,0,OK,""
2025-11-11T10:05:28Z,6,19253708447,8,0,0,0,0,1.0000,0,OK,""
2025-11-11T10:10:08Z,7,,8,0,0,0,0,1.0000,0,OK,""
2025-11-11T13:48:30Z,7,,0,0,0,0,0,0,0,CRIT,"success_rate_crit"
2025-11-11T14:33:58Z,8,,0,0,0,0,0,0,0,CRIT,"success_rate_crit,consecutive_success"
2025-11-11T15:54:39Z,9,19253708447,8,0,0,0,0,1.0000,0,OK,""
2025-11-11T16:24:48Z,10,,8,0,0,0,0,1.0000,0,OK,""
2025-11-12T00:45:54Z,10,,0,0,0,0,0,0,0,CRIT,"success_rate_crit"
2025-11-12T01:03:41Z,11,,8,0,0,0,0,1.0000,0,OK,""
2025-11-12T01:59:39Z,11,19253708447,8,0,0,0,0,1.0000,0,OK,""
2025-11-12T02:03:46Z,12,,8,0,0,0,0,1.0000,0,OK,""
2025-11-12T02:54:10Z,12,19253708447,8,0,0,0,0,1.0000,0,OK,""
2025-11-12T02:58:16Z,13,,8,0,0,0,0,1.0000,0,OK,""
2025-11-12T03:24:17Z,13,19253708447,8,0,0,0,0,1.0000,0,OK,""
2025-11-12T03:28:21Z,14,,8,0,0,0,0,1.0000,0,OK,""
2025-11-12T03:55:59Z,14,,0,0,0,0,0,0,0,CRIT,"success_rate_crit"
2025-11-12T03:58:29Z,15,,8,0,0,0,0,1.0000,0,OK,""
2025-11-12T04:26:39Z,15,,0,0,0,0,0,0,0,CRIT,"success_rate_crit,consecutive_success"
2025-11-12T04:56:52Z,16,,0,0,0,0,0,0,0,CRIT,"success_rate_crit,consecutive_success"
2025-11-12T05:27:04Z,17,,0,0,0,0,0,0,0,CRIT,"success_rate_crit,consecutive_success"
2025-11-12T05:57:10Z,18,19253708447,8,0,0,0,0,1.0000,0,OK,""
2025-11-12T05:58:34Z,19,,8,0,0,0,0,1.0000,0,OK,""
2025-11-12T06:27:15Z,19,19253708447,8,0,0,0,0,1.0000,0,OK,""
2025-11-12T06:28:38Z,20,,8,0,0,0,0,1.0000,0,OK,""
2025-11-12T06:57:20Z,20,19253708447,8,0,0,0,0,1.0000,0,OK,""
2025-11-12T06:58:44Z,21,,8,0,0,0,0,1.0000,0,OK,""
2025-11-12T07:27:27Z,21,19253708447,8,0,0,0,0,1.0000,0,OK,""
2025-11-12T07:28:49Z,22,,8,0,0,0,0,1.0000,0,OK,""
2025-11-12T07:57:32Z,22,19253708447,8,0,0,0,0,1.0000,0,OK,""
2025-11-12T07:58:53Z,23,,8,0,0,0,0,1.0000,0,OK,""
2025-11-12T08:27:37Z,23,19253708447,8,0,0,0,0,1.0000,0,OK,""
2025-11-12T08:28:59Z,24,,8,0,0,0,0,1.0000,0,OK,""
2025-11-12T08:57:42Z,24,19253708447,8,0,0,0,0,1.0000,0,OK,""
2025-11-12T08:59:04Z,25,,8,0,0,0,0,1.0000,0,OK,""
2025-11-12T09:27:55Z,25,,0,0,0,0,0,0,0,CRIT,"success_rate_crit"
2025-11-13T00:20:08Z,26,19253708447,8,0,0,0,0,1.0000,0,OK,""
2025-11-13T00:21:18Z,27,,8,0,0,0,0,1.0000,0,OK,""
2025-11-13T00:50:14Z,27,19253708447,8,0,0,0,0,1.0000,0,OK,""
2025-11-13T00:51:23Z,28,,8,0,0,0,0,1.0000,0,OK,""
2025-11-13T01:20:20Z,28,19253708447,8,0,0,0,0,1.0000,0,OK,""
2025-11-13T01:21:29Z,29,,8,0,0,0,0,1.0000,0,OK,""
2025-11-13T01:50:24Z,29,19253708447,8,0,0,0,0,1.0000,0,OK,""
2025-11-13T01:51:33Z,30,,8,0,0,0,0,1.0000,0,OK,""
2025-11-13T02:20:29Z,30,19253708447,8,0,0,0,0,1.0000,0,OK,""
2025-11-13T02:21:37Z,31,,8,0,0,0,0,1.0000,0,OK,""
2025-11-13T02:50:35Z,31,19253708447,8,0,0,0,0,1.0000,0,OK,""
2025-11-13T02:51:41Z,32,,8,0,0,0,0,1.0000,0,OK,""
2025-11-13T03:20:39Z,32,19253708447,8,0,0,0,0,1.0000,0,OK,""
2025-11-13T03:21:45Z,33,,8,0,0,0,0,1.0000,0,OK,""
2025-11-13T03:50:43Z,33,19253708447,8,0,0,0,0,1.0000,0,OK,""
2025-11-13T03:51:49Z,34,,8,0,0,0,0,1.0000,0,OK,""
2025-11-13T04:20:55Z,34,,0,0,0,0,0,0,0,CRIT,"success_rate_crit"
2025-11-13T04:51:08Z,35,,0,0,0,0,0,0,0,CRIT,"success_rate_crit,consecutive_success"
2025-11-13T05:21:21Z,36,,0,0,0,0,0,0,0,CRIT,"success_rate_crit,consecutive_success"
2025-11-13T05:51:33Z,37,,0,0,0,0,0,0,0,CRIT,"success_rate_crit,consecutive_success"
2025-11-13T06:21:46Z,38,,0,0,0,0,0,0,0,CRIT,"success_rate_crit,consecutive_success"
2025-11-13T06:51:58Z,39,,0,0,0,0,0,0,0,CRIT,"success_rate_crit,consecutive_success"
2025-11-13T07:22:11Z,40,,0,0,0,0,0,0,0,CRIT,"success_rate_crit,consecutive_success"
2025-11-13T07:52:23Z,41,,0,0,0,0,0,0,0,CRIT,"success_rate_crit,consecutive_success"
2025-11-13T08:21:54Z,43,,8,0,0,0,0,1.0000,0,OK,""
2025-11-13T08:22:28Z,42,19253708447,8,0,0,0,0,1.0000,0,OK,""
2025-11-13T08:52:00Z,44,,8,0,0,0,0,1.0000,0,OK,""
2025-11-13T08:52:32Z,43,19253708447,8,0,0,0,0,1.0000,0,OK,""
2025-11-13T09:22:38Z,44,19253708447,8,0,0,0,0,1.0000,0,OK,""
2025-11-13T09:52:43Z,45,19253708447,8,0,0,0,0,1.0000,0,OK,""
2025-11-13T10:22:48Z,46,19253708447,8,0,0,0,0,1.0000,0,OK,""
2025-11-14T00:03:05Z,47,19253708447,8,0,0,0,0,1.0000,0,OK,""
2025-11-14T00:33:10Z,48,19253708447,8,0,0,0,0,1.0000,0,OK,""
